z_mm,Без перекоса,"G6,3 + номинальная сила",G16 + предельные зазоры
-20.0,34.933583554853115,36.88756240558002,51.72433911143287
-19.798994974874372,34.933583554853115,36.86792442718075,51.555587799306444
-19.597989949748744,34.933583554853115,36.84828644878149,51.38683648718001
-19.396984924623116,34.933583554853115,36.82864847038222,51.21808517505358
-19.195979899497488,34.933583554853115,36.80901049198295,51.049333862927156
-18.99497487437186,34.933583554853115,36.78937251358369,50.880582550800725
-18.79396984924623,34.933583554853115,36.769734535184426,50.7118312386743
-18.592964824120607,34.933583554853115,36.75009655678516,50.54307992654786
-18.391959798994975,34.933583554853115,36.73045857838589,50.37432861442143
-18.19095477386935,34.933583554853115,36.710820599986626,50.20557730229501
-17.98994974874372,34.933583554853115,36.691182621587366,50.03682599016857
-17.78894472361809,34.933583554853115,36.67154464318809,49.86807467804214
-17.587939698492463,34.933583554853115,36.65190666478883,49.699323365915724
-17.386934673366834,34.933583554853115,36.63226868638956,49.53057205378929
-17.185929648241206,34.933583554853115,36.6126307079903,49.361820741662854
-16.984924623115578,34.933583554853115,36.59299272959103,49.19306942953643
-16.78391959798995,34.933583554853115,36.57335475119177,49.02431811741
-16.582914572864322,34.933583554853115,36.5537167727925,48.855566805283566
-16.381909547738694,34.933583554853115,36.53407879439324,48.68681549315714
-16.180904522613066,34.933583554853115,36.51444081599397,48.51806418103071
-15.97989949748744,34.933583554853115,36.49480283759471,48.34931286890428
-15.778894472361808,34.933583554853115,36.475164859195445,48.18056155677785
-15.57788944723618,34.933583554853115,36.45552688079618,48.01181024465142
-15.376884422110553,34.933583554853115,36.43588890239691,47.84305893252499
-15.175879396984925,34.933583554853115,36.416250923997644,47.67430762039856
-14.974874371859297,34.933583554853115,36.396612945598385,47.505556308272126
-14.773869346733669,34.933583554853115,36.37697496719912,47.3368049961457
-14.572864321608039,34.933583554853115,36.35733698879985,47.16805368401927
-14.371859296482413,34.933583554853115,36.337699010400584,46.99930237189284
-14.170854271356786,34.933583554853115,36.31806103200132,46.830551059766414
-13.969849246231156,34.933583554853115,36.29842305360206,46.661799747639975
-13.768844221105526,34.933583554853115,36.27878507520279,46.49304843551354
-13.567839195979898,34.933583554853115,36.259147096803524,46.32429712338712
-13.36683417085427,34.933583554853115,36.23950911840426,46.155545811260694
-13.165829145728646,34.933583554853115,36.21987114000499,45.98679449913426
-12.964824120603016,34.933583554853115,36.20023316160573,45.81804318700783
-12.763819095477388,34.933583554853115,36.180595183206464,45.649291874881406
-12.562814070351758,34.933583554853115,36.1609572048072,45.48054056275497
-12.361809045226131,34.933583554853115,36.14131922640793,45.31178925062854
-12.160804020100501,34.933583554853115,36.12168124800866,45.14303793850211
-11.959798994974875,34.933583554853115,36.1020432696094,44.97428662637568
-11.758793969849247,34.933583554853115,36.08240529121014,44.805535314249255
-11.557788944723617,34.933583554853115,36.06276731281087,44.63678400212282
-11.35678391959799,34.933583554853115,36.0431293344116,44.4680326899964
-11.15577889447236,34.933583554853115,36.023491356012336,44.29928137786997
-10.954773869346734,34.933583554853115,36.003853377613076,44.130530065743535
-10.753768844221105,34.933583554853115,35.98421539921381,43.961778753617104
-10.552763819095476,34.933583554853115,35.96457742081454,43.79302744149067
-10.351758793969848,34.933583554853115,35.944939442415276,43.62427612936424
-10.150753768844222,34.933583554853115,35.92530146401601,43.455524817237816
-9.949748743718594,34.933583554853115,35.90566348561675,43.28677350511139
-9.748743718592966,34.933583554853115,35.88602550721748,43.11802219298495
-9.547738693467336,34.933583554853115,35.866387528818215,42.94927088085853
-9.34673366834171,34.933583554853115,35.84674955041895,42.780519568732096
-9.14572864321608,34.933583554853115,35.82711157201968,42.61176825660566
-8.944723618090451,34.933583554853115,35.80747359362042,42.44301694447923
-8.743718592964823,34.933583554853115,35.787835615221155,42.27426563235281
-8.542713567839197,34.933583554853115,35.76819763682189,42.10551432022637
-8.341708542713569,34.933583554853115,35.74855965842262,41.936763008099945
-8.14070351758794,34.933583554853115,35.728921680023355,41.76801169597352
-7.939698492462311,34.933583554853115,35.709283701624095,41.59926038384709
-7.738693467336684,34.933583554853115,35.68964572322483,41.43050907172066
-7.537688442211055,34.933583554853115,35.67000774482556,41.261757759594225
-7.336683417085428,34.933583554853115,35.650369766426294,41.0930064474678
-7.135678391959799,34.933583554853115,35.63073178802703,40.92425513534136
-6.934673366834169,34.933583554853115,35.61109380962777,40.75550382321494
-6.733668341708543,34.933583554853115,35.5914558312285,40.58675251108851
-6.532663316582914,34.933583554853115,35.57181785282924,40.418001198962074
-6.331658291457288,34.933583554853115,35.55217987442997,40.24924988683565
-6.130653266331658,34.933583554853115,35.53254189603071,40.08049857470922
-5.929648241206029,34.933583554853115,35.51290391763144,39.911747262582786
-5.728643216080402,34.933583554853115,35.493265939232174,39.742995950456354
-5.527638190954773,34.933583554853115,35.47362796083291,39.57424463832993
-5.326633165829146,34.933583554853115,35.45398998243364,39.405493326203505
-5.125628140703517,34.933583554853115,35.43435200403437,39.236742014077066
-4.924623115577889,34.933583554853115,35.414714025635114,39.06799070195064
-4.723618090452262,34.933583554853115,35.39507604723585,38.89923938982422
-4.522613065326633,34.933583554853115,35.37543806883658,38.73048807769778
-4.321608040201005,34.933583554853115,35.35580009043731,38.56173676557135
-4.120603015075377,34.933583554853115,35.336162112038046,38.39298545344492
-3.9195979899497484,34.933583554853115,35.31652413363879,38.22423414131849
-3.718592964824121,34.933583554853115,35.29688615523952,38.05548282919206
-3.517587939698492,34.933583554853115,35.27724817684025,37.886731517065634
-3.3165829145728636,34.933583554853115,35.257610198440986,37.7179802049392
-3.1155778894472363,34.933583554853115,35.23797222004172,37.54922889281277
-2.914572864321608,34.933583554853115,35.21833424164246,37.38047758068634
-2.7135678391959805,34.933583554853115,35.19869626324319,37.211726268559914
-2.512562814070352,34.933583554853115,35.179058284843926,37.04297495643348
-2.3115577889447225,34.933583554853115,35.159420306444666,36.87422364430705
-2.110552763819096,34.933583554853115,35.13978232804539,36.705472332180626
-1.9095477386934667,34.933583554853115,35.12014434964614,36.536721020054195
-1.70854271356784,34.933583554853115,35.100506371246865,36.36796970792776
-1.507537688442211,34.933583554853115,35.080868392847606,36.19921839580133
-1.306532663316582,34.933583554853115,35.06123041444833,36.0304670836749
-1.1055276381909551,34.933583554853115,35.04159243604907,35.86171577154847
-0.9045226130653261,34.933583554853115,35.021954457649805,35.69296445942204
-0.7035175879396993,34.933583554853115,35.002316479250545,35.52421314729562
-0.5025125628140703,34.933583554853115,34.98267850085127,35.35546183516919
-0.3015075376884413,34.933583554853115,34.96304052245201,35.186710523042755
-0.1005025125628145,34.933583554853115,34.94340254405274,35.01795921091633
0.10050251256281229,34.933583554853115,34.923764565653485,34.8492078987899
0.3015075376884413,34.933583554853115,34.90412658725421,34.68045658666346
0.5025125628140703,34.933583554853115,34.88448860885495,34.511705274537036
0.7035175879396993,34.933583554853115,34.86485063045568,34.342953962410604
0.9045226130653283,34.933583554853115,34.84521265205642,34.17420265028417
1.1055276381909531,34.933583554853115,34.82557467365715,34.00545133815775
1.306532663316582,34.933583554853115,34.805936695257884,33.83670002603132
1.507537688442211,34.933583554853115,34.78629871685862,33.66794871390489
1.70854271356784,34.933583554853115,34.76666073845935,33.49919740177845
1.909547738693469,34.933583554853115,34.74702276006009,33.33044608965202
2.110552763819098,34.933583554853115,34.727384781660824,33.1616947775256
2.3115577889447225,34.933583554853115,34.70774680326156,32.992943465399165
2.512562814070352,34.933583554853115,34.68810882486229,32.82419215327274
2.7135678391959805,34.933583554853115,34.66847084646303,32.65544084114631
2.9145728643216096,34.933583554853115,34.64883286806376,32.48668952901988
3.1155778894472386,34.933583554853115,34.629194889664504,32.317938216893445
3.3165829145728636,34.933583554853115,34.60955691126523,32.14918690476702
3.517587939698492,34.933583554853115,34.58991893286597,31.980435592640585
3.718592964824121,34.933583554853115,34.570280954466696,31.81168428051416
3.91959798994975,34.933583554853115,34.55064297606744,31.642932968387726
4.120603015075379,34.933583554853115,34.53100499766817,31.474181656261297
4.321608040201005,34.933583554853115,34.51136701926891,31.305430344134873
4.522613065326633,34.933583554853115,34.491729040869636,31.136679032008445
4.723618090452262,34.933583554853115,34.472091062470376,30.967927719882013
4.924623115577891,34.933583554853115,34.4524530840711,30.799176407755578
5.12562814070352,34.933583554853115,34.43281510567185,30.630425095629146
5.326633165829144,34.933583554853115,34.413177127272576,30.461673783502725
5.527638190954773,34.933583554853115,34.393539148873316,30.29292247137629
5.728643216080402,34.933583554853115,34.37390117047404,30.124171159249865
5.929648241206031,34.933583554853115,34.35426319207478,29.95541984712343
6.13065326633166,34.933583554853115,34.334625213675515,29.786668534997002
6.331658291457285,34.933583554853115,34.314987235276256,29.617917222870574
6.532663316582914,34.933583554853115,34.29534925687698,29.449165910744146
6.733668341708543,34.933583554853115,34.27571127847772,29.28041459861771
6.934673366834172,34.933583554853115,34.256073300078455,29.111663286491282
7.135678391959801,34.933583554853115,34.236435321679195,28.94291197436485
7.336683417085426,34.933583554853115,34.21679734327993,28.774160662238426
7.537688442211055,34.933583554853115,34.197159364880655,28.60540935011199
7.738693467336684,34.933583554853115,34.177521386481395,28.436658037985566
7.939698492462313,34.933583554853115,34.15788340808212,28.26790672585913
8.140703517587943,34.933583554853115,34.13824542968287,28.099155413732706
8.341708542713567,34.933583554853115,34.118607451283594,27.930404101606275
8.542713567839197,34.933583554853115,34.098969472884335,27.761652789479847
8.743718592964823,34.933583554853115,34.07933149448506,27.592901477353415
8.944723618090453,34.933583554853115,34.0596935160858,27.424150165226987
9.145728643216081,34.933583554853115,34.040055537686534,27.25539885310055
9.346733668341708,34.933583554853115,34.020417559287274,27.086647540974123
9.547738693467336,34.933583554853115,34.000779580888,26.917896228847695
9.748743718592966,34.933583554853115,33.98114160248874,26.749144916721267
9.949748743718594,34.933583554853115,33.96150362408947,26.580393604594832
10.150753768844222,34.933583554853115,33.941865645690214,26.411642292468407
10.351758793969852,34.933583554853115,33.92222766729094,26.242890980341972
10.552763819095476,34.933583554853115,33.90258968889168,26.074139668215544
10.753768844221105,34.933583554853115,33.88295171049241,25.905388356089116
10.954773869346734,34.933583554853115,33.86331373209315,25.736637043962688
11.155778894472364,34.933583554853115,33.84367575369388,25.567885731836256
11.356783919597992,34.933583554853115,33.82403777529462,25.399134419709828
11.557788944723617,34.933583554853115,33.80439979689535,25.230383107583396
11.758793969849247,34.933583554853115,33.78476181849609,25.061631795456968
11.959798994974875,34.933583554853115,33.76512384009682,24.892880483330536
12.160804020100503,34.933583554853115,33.74548586169756,24.72412917120411
12.361809045226133,34.933583554853115,33.72584788329829,24.555377859077673
12.562814070351758,34.933583554853115,33.706209904899026,24.38662654695125
12.763819095477388,34.933583554853115,33.68657192649976,24.21787523482482
12.964824120603016,34.933583554853115,33.66693394810049,24.04912392269839
13.165829145728646,34.933583554853115,33.64729596970123,23.880372610571957
13.366834170854274,34.933583554853115,33.627657991301966,23.71162129844553
13.567839195979898,34.933583554853115,33.6080200129027,23.5428699863191
13.768844221105526,34.933583554853115,33.58838203450343,23.37411867419267
13.969849246231156,34.933583554853115,33.568744056104165,23.205367362066237
14.170854271356786,34.933583554853115,33.5491060777049,23.036616049939813
14.371859296482414,34.933583554853115,33.52946809930564,22.867864737813377
14.572864321608039,34.933583554853115,33.509830120906365,22.699113425686953
14.773869346733669,34.933583554853115,33.490192142507105,22.53036211356052
14.974874371859297,34.933583554853115,33.47055416410783,22.36161080143409
15.175879396984925,34.933583554853115,33.45091618570858,22.19285948930766
15.376884422110555,34.933583554853115,33.431278207309305,22.02410817718123
15.57788944723618,34.933583554853115,33.411640228910045,21.855356865054805
15.778894472361808,34.933583554853115,33.39200225051078,21.686605552928373
15.97989949748744,34.933583554853115,33.37236427211151,21.51785424080194
16.180904522613066,34.933583554853115,33.352726293712244,21.34910292867551
16.381909547738694,34.933583554853115,33.333088315312985,21.18035161654908
16.58291457286432,34.933583554853115,33.31345033691372,21.011600304422657
16.78391959798995,34.933583554853115,33.29381235851445,20.842848992296222
16.984924623115578,34.933583554853115,33.274174380115184,20.67409768016979
17.185929648241206,34.933583554853115,33.254536401715924,20.505346368043362
17.386934673366838,34.933583554853115,33.23489842331666,20.33659505591693
17.587939698492463,34.933583554853115,33.21526044491739,20.167843743790506
17.78894472361809,34.933583554853115,33.195622466518124,19.999092431664074
17.98994974874372,34.933583554853115,33.17598448811886,19.830341119537643
18.19095477386935,34.933583554853115,33.1563465097196,19.661589807411215
18.39195979899498,34.933583554853115,33.13670853132033,19.492838495284783
18.592964824120603,34.933583554853115,33.117070552921064,19.32408718315836
18.79396984924623,34.933583554853115,33.0974325745218,19.155335871031927
18.99497487437186,34.933583554853115,33.07779459612253,18.986584558905495
19.195979899497488,34.933583554853115,33.05815661772327,18.817833246779063
19.396984924623116,34.933583554853115,33.038518639324,18.64908193465263
19.597989949748747,34.933583554853115,33.01888066092474,18.480330622526203
19.798994974874372,34.933583554853115,32.99924268252547,18.31157931039978
20.0,34.933583554853115,32.9796047041262,18.142827998273347
