time_s,baseline_g6_3_hydraulic_x_um,baseline_g6_3_hydraulic_y_um,allowable_wear_g6_3_offdesign_x_um,allowable_wear_g6_3_offdesign_y_um,limit_g16_offdesign_x_um,limit_g16_offdesign_y_um
0.0,46.29712265217252,-11.513428087324852,170.9916933787751,-77.7468345118941,-127.33149275801232,-298.5038026994648
5.097489486427934e-05,46.650114869754,-11.128164045613751,173.8743980606457,-76.24667298344944,-120.020805555467,-298.6074710966725
0.00010194978972855868,46.99153910309853,-10.740140516029467,176.71398652937106,-74.72760431375438,-112.68035639433604,-298.6370928054997
0.000152924684592838,47.32131068810272,-10.34945371805798,179.50975464274842,-73.19000519132238,-105.31196551022707,-298.5926604805525
0.00020389957945711736,47.63934785020914,-9.9562005316048,182.26100912485433,-71.63425689972505,-97.91746006754981,-298.4741851398626
0.0002548744743213967,47.945571724684264,-9.560478472971326,184.9670677379586,-70.06074522304377,-90.498673706428,-298.2816961621544
0.000305849369185676,48.23990637617483,-9.162385670673412,187.62725945170106,-68.46986035020572,-83.05744608800546,-298.0152412795603
0.0003568242640499554,48.522278817537746,-8.762020841108106,190.24092460948935,-66.86199677822731,-75.59562243825934,-297.6748865657844
0.0004077991589142347,48.792619027938976,-8.359483264074616,192.80741509207596,-65.2375532143895,-68.11505309043316,-297.26071641971765
0.00045877405377851404,49.05085997021686,-7.9548727581555765,195.3260944782745,-63.59693247736901,-60.617593026203686,-296.77283354450964
0.0005097489486427934,49.29693760750551,-7.548289655964692,197.79633820277544,-61.940541397349996,-53.10510141569468,-296.2113589221006
0.0005607238435070727,49.53079091911426,-7.139834779266933,200.21753371102136,-60.26879071514111,-45.57944115645264,-295.5764317832212
0.000611698738371352,49.75236191565915,-6.729609413977419,202.58908061110427,-58.582094980322616,-38.042478411497534,-294.8682095728672
0.0006626736332356314,49.96159565344277,-6.317715285045221,204.91039082264675,-56.88087244844926,-30.496082146564465,-294.086867911257
0.0007136485280999108,50.15844024807884,-5.904254531228285,207.18088872263033,-55.16554497733397,-22.94212366664984,-293.2326005502828
0.0007646234229641901,50.34284688735812,-5.489329679765742,209.40001128813446,-53.43653792243841,-15.382476151977645,-292.30561932546516
0.0008155983178284694,50.51476984335255,-5.0730436209538885,211.56720823595128,-51.69428003139617,-7.819014193500832,-291.30615410342335
0.0008665732126927488,50.67416648375459,-4.655499582632138,213.68194215904117,-49.93920333769476,-0.2536133280525808,-290.2344527248748
0.0009175481075570281,50.820997282448815,-4.236801104585272,215.74368865979534,-48.171743053542855,7.311850426736643,-289.09078094317687
0.0009685230024213075,50.95522582931343,-3.817052012868322,217.75193648007243,-46.39233746194924,14.875501037641586,-287.8754223584275
0.0010194978972855868,51.076818839248965,-3.396356394060506,219.70618762797696,-44.60142780804041,22.435462921048156,-286.58867834713976
0.0010704727921498661,51.18574616043206,-2.9748185694544986,221.605957501348,-42.79945818964341,29.98986140804847,-285.23086798750836
0.0011214476870141455,51.28198078179239,-2.5525430691875597,223.45077500792755,-40.986875447161516,37.536823209308444,-283.80232798028703
0.0011724225818784248,51.36549883971061,-2.129634606320828,225.24018268217895,-39.164129052769695,45.074476879593774,-282.30341256529556
0.001223397476742704,51.436279623935945,-1.7061980508732917,226.97373679872598,-37.331670998957506,52.600953281838386,-280.73449343357777
0.0012743723716069834,51.49430558272178,-1.2823384038168146,228.65100748238507,-35.489955686447026,60.114386050640434,-279.09595963523225
0.0013253472664712627,51.539562327178004,-0.8581607710386912,230.27157881476276,-33.639439811513576,67.61291205507142,-277.3882174829381
0.0013763221613355423,51.572038634839075,-0.43377033727819136,231.83504893739251,-31.780582252737197,75.09467186068275,-275.6116904512001
0.0014272970561998216,51.591726452446906,-0.009272340043561415,233.34103015138479,-29.913843957213093,82.55781019059593,-273.7668190713387
0.001478271951064101,51.598620897947825,0.41522795648408856,234.7891490135659,-28.03968782624893,90.00047638556184,-271.8540608222498
0.0015292468459283802,51.592720261703256,0.839625287553482,236.17904642908226,-26.158578600577744,97.42082486287468,-269.873890016962
0.0015802217407926596,51.574026006913606,1.2638144139460255,237.51037774044622,-24.27098274511462,104.81701557402747,-267.82679768502004
0.0016311966356569389,51.54254276925544,1.6876901480723403,238.7828128130017,-22.377368333285776,112.18721446099485,-265.7132914507222
0.0016821715305212182,51.498278355731976,2.1111473800559644,239.99603611678907,-20.478204930958917,119.52959391103063,-263.53389540724316
0.0017331464253854975,51.44124374273715,2.534081103797806,241.1497468047881,-18.57396348000338,126.84233320986695,-261.289149986673
0.0017841213202497768,51.371453073333775,2.9563864430148605,242.24365878751988,-16.665116181509106,134.12361899320302,-258.97961182600415
0.0018350962151140562,51.28892365374639,3.3779586772467125,243.27750080398948,-14.752136378693422,141.37164569637068,-256.6058536291005
0.0018860711099783355,51.193675949069835,3.7986932678234444,244.25101648895145,-12.835498439524445,148.58461600206684,-254.1684640246822
0.001937046004842615,51.08573357819442,4.218485883788414,245.16396443648154,-10.915677639090562,155.76074128603997,-251.66804742036095
0.001988020899706894,50.96512330794909,4.637232427769553,246.01611825983878,-8.993150041744915,162.89824206062082,-249.10522385276374
0.0020389957945711737,50.83187504646396,5.054829061792766,246.80726664760365,-7.068392383053965,169.99534841598876,-246.48062883377963
0.0020899706894354528,50.68602183575387,5.471172233030936,247.5372134160776,-5.141881951580022,177.05030045906145,-243.79491319297026
0.0021409455842997323,50.5275998435249,5.886158699482289,248.20577755793101,-3.214096470526238,184.06134874990178,-241.04874291618117
0.002191920479164012,50.35664835420567,6.299685555571656,248.81279328708862,-1.2855139792740833,191.02675473553202,-238.24279898039524
0.002242895374028291,50.17320975920594,6.711650257668304,249.35811007984003,0.6433872851577389,197.9447911810489,-235.3777771848685
0.0022938702688925705,49.97732954640458,7.121950649514029,249.84159271216527,2.57212900670326,204.81374259793168,-232.45438797859038
0.0023448451637568496,49.769056288869876,7.5304849875551705,250.26312129326692,4.500232908858868,211.6319056694375,-229.47335628411156
0.002395820058621129,49.54844163281462,7.937151966172317,250.62259129529994,6.427220873283193,218.39758967297848,-226.43542131778221
0.002446794953485408,49.31554028478929,8.341850742801386,250.9199135792915,8.35261505835764,225.10911689937595,-223.3413364064462
0.0024977698483496878,49.070409998116254,8.744480962939884,251.1550144172454,10.275938017678339,231.76482306888732,-220.1918688006363
0.002548744743213967,48.8131115585685,9.144942785032159,251.32783551042445,12.196712818450258,238.36305774390357,-216.9877994843161
0.0025997196380782464,48.54370876929639,9.543136905227449,251.43833400380697,14.114463159753615,244.9021847382131,-213.7299229812173
0.0026506945329425255,48.262268435006135,9.93896458200456,251.4864824967139,16.028713490653978,251.3805825227329,-210.41904715781857
0.002701669427806805,47.968860345394084,10.332327660657166,251.4722690496031,17.93898912812614,257.796644627604,-207.05599302301658
0.0027526443226710846,47.66355725784068,10.723128597633528,251.39569718703046,19.844816374762832,264.1487800405535,-203.6415945245374
0.0028036192175353637,47.34643487936861,11.111270484724704,251.25678589677548,21.745722636239034,270.4354136014229,-200.17669834213996
0.002854594112399643,47.01757184786945,11.496657073095218,251.05556962513322,23.641236538502863,276.6549863927661,-196.66216367766182
0.0029055690072639223,46.677049712603576,11.879192797150164,250.79209826837206,25.530888044663627,282.8059561264192,-193.0988620419602
0.002956543902128202,46.324952913978144,12.258782798232973,250.46643716036132,27.414208571548578,288.88679752594663,-189.48767703880043
0.003007518796992481,45.961368762608096,12.63533294814778,250.0786670563697,29.29073110589889,294.8960027048695,-185.82950414574594
0.0030584936918567605,45.58638741766546,13.00874987250075,249.62888411304033,31.15999032017663,300.8320815405808,-182.12525049210336
0.0031094685867210396,45.200101864522296,13.378940973854405,249.1171998645467,33.02152268795348,306.69356204385616,-178.37583463397925
0.003160443481585319,44.80260789169277,13.745814454689347,248.54374119493468,34.87486659885301,312.4789907238681,-174.58218632650184
0.0032114183764495982,44.39400406708022,14.109279340167562,247.90865030665913,36.71956247301763,318.18693294861276,-170.74524629326746
0.0032623932713138778,43.97439171353484,14.469245500691784,247.21208468532117,38.55515287507226,323.8159733006606,-166.86596599306543
0.0033133681661781573,43.543874883728435,14.825623674255205,246.45421706061612,40.38118262755601,329.36471592814183,-162.94530738394226
0.0033643430610424364,43.10256033435209,15.178325488576094,245.63523536350115,42.19719892379404,334.8317848908808,-158.98424268466135
0.003415317955906716,42.65055749964328,15.527263483011755,244.75534267959313,44.00275144018169,340.2158245015922,-154.98375413361848
0.003466292850770995,42.18797846424923,15.872351130246434,243.81475719880936,45.797392447852474,345.5154996620557,-150.9448337452736
0.0035172677456352746,41.7149379354328,16.213502857747788,242.81371216126166,47.5806769237032,350.72949619418415,-146.86848306415686
0.0035682426404995537,41.23155321462823,16.55063406898658,241.75245579941958,49.35216266074752,355.85652116590535,-142.75571291651295
0.0036192175353638332,40.73794416835343,16.883661164414388,240.63125127655502,51.1114103777717,360.8953032117741,-138.60754315964274
0.0036701924302281123,40.23423319848638,17.21250156219403,239.45037662148496,52.857983828264516,365.84459284823737,-134.42500242900607
0.003721167325092392,39.72054521191261,17.537073718677686,238.21012465962752,54.59144990859483,370.7031627834725,-130.20912788314746
0.003772142219956671,39.19700758955174,17.85729714862752,236.91080294038932,56.31137876540964,375.4698082217234,-125.96096494650865
0.0038231171148209505,38.663750154770305,18.173092445173907,235.55273366090125,58.01734390222644,380.14334716205724,-121.68156705019092
0.00387409200968523,38.12090514118912,18.484381299506182,234.13625358612217,59.70892228519269,384.7226206914692,-117.37199537073262
0.00392506690454951,37.56860715989281,18.791086520291167,232.6617139653304,61.38569444798719,389.2064932722624,-113.03331856696548
0.003976041799413788,37.00699316604985,19.093132052814518,231.12948044502292,63.047244595836325,393.5938530236302,-108.66661251501584
0.004027016694278068,36.43620242495135,19.39044299784035,229.53993297824516,64.69316070862035,397.88361199737426,-104.27296004151567
0.004077991589142347,35.856376477476985,19.682945630184154,227.8934657303724,66.3230346430431,402.07470644768523,-99.85345065509117
0.004128966484006627,35.26765910499663,19.970567416994733,226.19048698136768,67.93646223384079,406.1660970949243,-95.40918027619303
0.0041799413788709055,34.67019629371642,20.25323703574039,224.43141902453888,69.53304339400417,410.1567693833362,-90.94125096533789
0.004230916273735185,34.064136198478025,20.530884391895054,222.61669806182155,71.11238221398953,414.04573373263287,-86.45077064982623
0.004281891168599465,33.44962910602023,20.803440636319785,220.74677409561212,72.67408705989361,417.8320257833818,-81.93885284900627
0.004332866063463744,32.82682739771186,21.07083818233559,218.82211081717972,74.21777067056837,421.51470663614236,-77.40661639815087
0.004383840958328024,32.195885511765226,21.33301072248307,216.84318549168287,75.74305025365149,425.0928630842875,-72.85518517101619
0.004434815853192302,31.55695990493958,21.58989324496493,214.8104888398204,77.24954758048847,428.5656078404544,-68.28568780115101
0.004485790748056582,30.910209013743984,21.841422049767164,212.72452491614592,78.73688907992364,431.93207975656867,-63.69925740202526
0.004536765642920861,30.255793215149343,22.087534764454947,210.58581098407572,80.20470593093545,435.1914440373856,-59.0970312860489
0.004587740537785141,29.593874786819146,22.328170359639355,208.39487738762125,81.65263415409439,438.3428924474972,-54.48015068254822
0.00463871543264942,28.924617866868957,22.563269164110995,206.1522674198779,83.08031470182023,441.38564351175285,-49.84976045477162
0.004689690327513699,28.248188413164506,22.79277287963692,203.85853718830282,84.4873935474162,444.31894270904525,-45.20700881599387
0.004740665222377979,27.564754162168597,23.016624595417,201.5142554768151,85.87352177285821,447.1420626594101,-40.55304704478996
0.004791640117242258,26.874484587346938,23.23476880219628,199.12000360475258,87.23835565531708,449.85430330439794,-35.88902919954885
0.004842615012106537,26.177550857143245,23.447151406029818,196.67637528272016,88.58155675239276,452.45499208066957,-31.21611183229766
0.004893589906970816,25.474125792533993,23.65371974169653,194.18397646536525,89.90279198603908,454.9434840867741,-26.53545370190739
0.004944564801835096,24.764383824173475,23.854422585758755,191.64342520111734,91.20173372515796,457.31916224306696,-21.848215486752103
0.0049955396966993755,24.048500949139616,24.04921016926431,189.05535147892846,92.47805986684351,459.5814374447293,-17.155559496891126
0.005046514591563655,23.326654687291423,24.23803419008785,186.42039707205265,93.73145391625472,461.7297487078508,-12.458649385847595
0.005097489486427934,22.599024037248768,24.420847824908517,183.73921537890342,94.96160506509781,463.7635633085375,-7.758649862053245
0.005148464381292213,21.865789432005503,24.597605740820892,181.0124712610282,96.16820826869844,465.6823769150146,-3.056726400031563
0.005199439276156493,21.12713269418693,24.768264106576293,178.24084087824062,97.3509643216446,467.48571371268605,1.6459550486083268
0.005250414171020772,20.383236990962573,24.932780603451825,175.42501152095073,98.50957993198163,469.1731265221247,6.348228344297102
0.005301389065885051,19.63428678862568,25.091114435744235,172.56568143973544,99.6437677939407,470.7441969099604,11.048927448676219
0.0053523639607493305,18.880467806850433,25.24322634088619,169.6635596721908,100.7532466591831,472.19853529264043,15.746886713744864
0.00540333885561361,18.121966972638486,25.389078599182337,166.71936586710999,101.83774140654222,473.5357810330362,20.440941170909024
0.00545431375047789,17.358972373965983,25.528635043162794,163.73383010602902,102.89698311024637,474.7556025298708,25.12992681986317
0.005505288645342169,16.591673213142847,25.6618610665517,160.70769272218666,103.93070910660508,475.85769729994826,29.812680917230793
0.005556263540206448,15.82025975989557,25.788723632848647,157.64170411694099,104.93866305914275,476.8417920531606,34.488042264894005
0.005607238435070727,15.044923304185428,25.90919128352088,154.53662457369006,105.92059502216328,477.70764276025665,39.15485149793984
0.005658213329935007,14.265856108773699,26.023234145804132,151.39322406934215,106.87626150272996,478.4550347133552,43.81195137215138
0.005709188224799286,13.483251361545554,26.130823940110314,148.2122820833814,107.80542552104505,479.0837825791862,48.45818705097404
0.005760163119663565,12.697303127604721,26.231933987040065,144.9945874045786,108.70785666921468,479.5937304450489,53.0924063918836
0.005811138014527845,11.908206301150402,26.326539213998558,141.7409379353916,109.58333116838375,479.9847518574739,57.71346023208745
0.005862112909392124,11.116156557148791,26.414616161412805,138.45214049410754,110.43163192422708,480.2567498535801,62.32020267348578
0.005913087804256404,10.321350302810886,26.496142988549042,135.12901061477325,111.25254858078307,480.4096569851193,66.91149136682401
0.005964062699120682,9.523984628888694,26.571099478928616,131.77237234496423,112.04587757261635,480.4434353352013,71.48618779496496
0.006015037593984962,8.724257260802014,26.639467045341153,128.38305804144318,112.81142217529664,480.358076527696,76.04315755521075
0.0060660124888492414,7.922366509607844,26.701228734453682,124.9619081637578,113.54899255418104,480.1536017293111,80.58127064060416
0.006116987383713521,7.118511222824469,26.756369231014613,121.50977106582887,114.25840581148806,479.830061644343,85.09940172014042
0.0061679622785778005,6.3128907351226,26.804874861651488,118.02750278558139,114.93948603165128,479.387536502103,89.59643041781926
0.006218937173442079,5.505704818895693,26.846733598261668,114.51596683266982,115.59206432494194,478.82613603702356,94.07124159046838
0.006269912068306359,4.69715363472172,26.881935060994927,110.97603397435091,116.21597886934883,478.14599946144637,98.52272560426901
0.006320886963170638,3.887437681728705,26.91047052082739,107.40858201955645,116.81107495070594,477.34729543110143,102.94977860991561
0.006371861858034918,3.076757747876267,26.93233290172612,103.81449560122033,117.37720500105752,476.43022200328534,107.35130281634103
0.0064228367528991965,2.265314860165589,26.947516782403774,100.19466595691298,117.91422863525086,475.3950065877482,111.72620676293928
0.006473811647763476,1.4533102347899927,26.956018397662916,96.549990707838,118.42201268574819,474.24190589030155,116.07340559021918
0.0065247865426277555,0.640945227238821,26.95783563932973,92.88137363624654,118.90043123564857,472.971205849163,120.39182130881983
0.006575761437492035,-0.1715787176334127,26.95296805677674,89.18972446132314,119.349365649912,471.5832215640508,124.68038306682362
0.006626736332356315,-0.9840601155600435,26.941416857034593,85.47595861359943,119.76870460477771,470.0782972180471,128.93802741529925
0.006677711227220593,-1.7962974928248199,26.923184904492743,81.7409970079524,120.1583441153695,468.4568059922507,133.16369857200775
0.006728686122084873,-2.608089436222179,26.898276720189124,77.98576581524135,120.51818756148118,466.71914997323694,137.35634868320938
0.006779661016949152,-3.419234643002259,26.8666984806891,74.21119623264262,120.84814571153585,464.86576005335206,141.5149380835029
0.006830635911813432,-4.229531970788638,26.828458016553814,70.41822425273736,121.14813674471297,462.89709582386246,145.6384355536349
0.0068816108066777106,-5.03878048745622,26.78356481039842,66.60779043141073,121.41808627123763,460.81364546098894,149.7258185762144
0.00693258570154199,-5.846779520957142,26.732029994540657,62.78083965461852,121.65792735082735,458.6159256048518,153.7760735892705
0.00698356059640627,-6.653328709082033,26.67386634824031,58.93832090408107,121.8676005092914,456.3044812313577,157.78819623758824
0.007034535491270549,-7.458228049144518,26.609088294530338,55.08118702196079,122.04705375327895,453.8798855170605,161.76119162176218
0.007085510386134829,-8.26127794757648,26.537711896640296,51.21039447458327,122.1962425831718,451.3427396970288,165.69407454490454
0.007136485280999107,-9.062279269422053,26.459754854013116,47.326903115258474,122.31513000411933,448.69367291575503,169.5858697569482
0.007187460175863387,-9.861033387717727,26.375236497916088,43.43167594626304,122.40368653521205,445.93334207114515,173.4356121964825
0.0072384350707276664,-10.657342232746473,26.28417778664727,39.5256788800417,122.4618902167923,443.0624316516253,177.24234723006256
0.007289409965591946,-11.451008341153884,26.186601300338328,35.60988049968604,122.48972661589943,440.08165356640643,181.00513088893328
0.007340384860456225,-12.241834904913706,26.082531235355308,31.685251818752366,122.4871888298489,436.9917469689506,184.72303010310804
0.007391359755320504,-13.029625820131065,25.97199339829858,27.752766040475834,122.45427748794397,433.7934780736799,188.3951229327457
0.007442334650184784,-13.814185735670877,25.85501519960347,23.813398316442495,122.39100075131962,430.48763996597654,192.02049879676613
0.007493309545049063,-14.595320101599883,25.731625646743208,19.86812550477706,122.29737431091884,427.0750524055177,195.59825869865122
0.007544284439913342,-15.372835217429731,25.601855337035868,15.917925927908598,122.17342138360162,423.55656162299795,199.12751544937117
0.0075952593347776215,-16.146538280149567,25.465736450057022,11.963779129972458,122.01917270638786,419.9330401102862,202.60739388738415
0.007646234229641901,-16.916237432035988,25.323302739660082,8.00666563390984,121.83466652883541,416.20538640407136,206.0370310956526
0.0076972091245061805,-17.681741808228754,25.17458952560624,4.047566698323607,121.61994860355517,412.3745248630486,209.4155766156241
0.00774818401937046,-18.442861584060104,25.019633684806102,0.08746407415269876,121.37507217486562,408.44140543870304,212.74219265812238
0.007799158914234739,-19.19940802212615,24.858473642175213,-3.872660238775694,121.10009796558977,404.40700343974845,216.01605431109604
0.00785013380909902,-19.95119351908889,24.69114936110568,-7.831824235256447,120.79509416199741,400.2723192902748,219.23634974417578
0.007901108703963298,-20.698031652196626,24.51770233355635,-11.789046148216972,120.46013639689676,396.038378281671,222.40228040998556
0.007952083598827576,-21.43973722551202,24.338175569763877,-15.743344692169812,120.0953077308796,391.7062303183797,225.51306124216197
0.008003058493691857,-22.17612631583568,24.152613587577342,-19.693739306545304,119.70069863172436,387.27694965754864,228.56792085002954
0.008054033388556136,-22.90701631831412,23.961062401419028,-23.63925039884365,119.27640695196268,382.75163464264415,231.56610170988438
0.008105008283420414,-23.632225991721015,23.76356951087405,-27.5788995875486,118.82253790461442,378.1314074310909,234.50686035284076
0.008155983178284695,-24.351575503400152,23.560183888911734,-31.511709944739692,118.33920403709774,373.4174137160066,237.38946754919115
0.008206958073148973,-25.064886473859072,23.35095596974164,-35.436706238343966,117.82652520332029,368.6108224421012,240.21320848923554
0.008257932968013254,-25.771982021002554,23.135937636307197,-39.352915173968235,117.28462853395871,363.71282551580924,242.97738296053566
0.008308907862877532,-26.472686803994502,22.91518220742013,-43.25936563624924,116.71364840493358,358.72463750972935,245.68130552154852
0.008359882757741811,-27.16682706673794,22.68874442453883,-47.15508892966529,116.11372640408769,353.64749536144205,248.32430567159807
0.008410857652606091,-27.854230680961816,22.456680438193885,-51.03911901874627,115.48501129607612,348.4826580667827,250.9057280171411
0.00846183254747037,-28.53472718890415,22.219047794064327,-54.91049276762457,114.82765898547665,343.2314063676442,253.4249324342873
0.00851280744233465,-29.208147845581248,21.975905418707754,-58.76825017886808,114.14183247812936,337.89504243438626,255.88129422753383
0.00856378233719893,-29.87432566063165,21.727313604948172,-62.611434631532504,113.42770184071577,332.4748895429333,258.2742042846717
0.008614757232063208,-30.53309543972553,21.47333399692496,-66.43909311837902,112.68544415858666,326.972291746636,260.6030692278304
0.008665732126927488,-31.184293825528368,21.214029574806762,-70.2502764821942,111.91524349184971,321.38861354298274,262.8673115606196
0.008716707021791767,-31.827759338209198,20.949464639174114,-74.04403965115537,111.11729082972751,315.72523953524035,265.0663698113324
0.008767681916656047,-32.46333241548343,20.679704795074564,-77.81944187318406,110.29178404319728,309.9835740891093,267.19969867217594
0.008818656811520326,-33.090855452179824,20.404816935754443,-81.57554694922642,109.43892783592422,304.1650409844788,269.26676913449285
0.008869631706384605,-33.71017283932259,20.12486922607106,-85.31142346540632,108.55893369350038,298.27108306236715,271.26706861994126
0.008920606601248885,-34.32113100271816,19.839931085589626,-89.02614502399129,107.6520198310018,292.303161867135,273.20010110760086
0.008971581496113164,-34.923578441037435,19.550073171369153,-92.71879047311342,106.71841113887729,286.2627572840629,275.0653872569723
0.009022556390977442,-35.5173657633842,19.25536736044127,-96.38844413519159,105.75833912718126,280.15136717237795,276.86246452684156
0.009073531285841723,-36.10234572633999,18.955886731986688,-100.03419603399469,104.77204186816562,273.9705069938246,278.59088728997733
0.009124506180706001,-36.67837327047654,18.65170554921355,-103.65514212029093,103.75976393724409,267.7217094368719,280.2502269436347
0.009175481075570282,-37.24530555632675,18.34289924094204,-107.25038449602894,102.72175635234409,261.4065240366458,281.8400720158375
0.00922645597043456,-37.80300199980487,18.02954438290016,-110.81903163699155,101.65827651166097,255.02651679068734,283.360028267412
0.00927743086529884,-38.35132430706782,17.711718678734908,-114.3601986138708,100.56958812983012,248.58326977062612,284.8097187897483
0.00932840576016312,-38.89013650880825,17.38950094074386,-117.8730073117064,99.45596117253272,242.07838072986863,286.1887840982628
0.009379380655027398,-39.41930499397126,17.062971070331884,-121.35658664763457,98.31767178955162,235.51346270739936,287.4968822215413
0.009430355549891679,-39.93869854288656,16.732210038197607,-124.81007278689434,97.1550022462933,228.89014362778778,288.73368878613894
0.009481330444755957,-40.44818835980725,16.39729986425498,-128.23260935703416,95.96824085379383,222.21006589750925,289.89889709701583
0.009532305339620236,-40.947648104847815,16.058323597294407,-131.62334766027058,94.75768189722528,215.47488599766967,290.9922182135891
0.009583280234484516,-41.436953925313105,15.71536529438893,-134.98144688394214,93.52362556292083,208.68627407324362,292.01338102138305
0.009634255129348795,-41.91598448641035,15.368510000050298,-138.30607430900838,92.26637786393673,201.84591351892294,292.96213229925763
0.009685230024213074,-42.384621001337116,15.017843725140192,-141.5964055165423,90.98625056416904,194.955500561679,293.838236782201
0.009736204919077354,-42.842747260737184,14.663453425541816,-144.85162459216423,89.68356110104452,188.01674384014407,294.641477219669
0.009787179813941633,-43.2902496615173,14.305426980597197,-148.07092432836626,88.3586325068048,181.03136398091513,295.371654429457
0.009838154708805913,-43.7270172350179,13.94385317131539,-151.25350642467916,87.01179332840269,174.00109317188299,296.02858734709224
0.009889129603670192,-44.152941674530155,13.57882165835724,-154.39858168562853,85.64337754603173,166.92767473269765,296.6121130707329
0.00994010449853447,-44.56791736215335,13.210422959801814,-157.50537021643524,84.25372449030743,159.8128626824694,297.1220869015633
0.009991079393398751,-44.971841394985184,12.838748428700438,-160.5731016164079,82.84317875812286,152.6584213048206,297.55838237967544
0.01004205428826303,-45.364613610638955,12.46389023042355,-163.60101516998154,81.41209012719763,145.46612471039018,297.92089131542747
0.01009302918312731,-45.74613661208119,12.085941319806091,-166.58836003535555,79.96081346934216,138.23775639690044,298.2095238162723
0.010144004077991589,-46.11631579178348,11.704995418097273,-169.53439543068149,78.48970866245924,130.97510880689862,298.424208309048
0.010194978972855867,-46.47505935518271,11.321146989720127,-172.43839081775803,76.99914050130369,123.67998288327772,298.5648915577265
0.010245953867720148,-46.822278343443536,10.934491218846883,-175.2996260831845,75.48947860702305,116.35418762269116,298.63153867661447
0.010296928762584426,-47.157886655517885,10.545123985795868,-178.11739171692975,73.96109733550146,108.99953962697047,298.62413313900396
0.010347903657448707,-47.48180106949571,10.153141843255662,-180.89098898827214,72.41437568452929,101.61786265265526,298.54267678127076
0.010398878552312986,-47.79394126324176,9.758641992342714,-183.61973011906548,70.84969719982196,94.21098715875183,298.387189802419
0.010449853447177264,-48.09422983431341,9.361722258497917,-186.30293845429046,69.26744987991046,86.78074985282603,298.15771075907236
0.010500828342041545,-48.38259231915431,8.962481067228637,-188.9399486298464,67.66802607992851,79.32899323555064,297.85429655591287
0.010551803236905823,-48.65895721155942,8.56101741970178,-191.53010673754395,66.05182241431875,71.8575651438141,297.4770224315703
0.010602778131770102,-48.923255980406616,8.15743086819409,-194.07277048725706,64.4192396584829,64.36831829250515,297.02598193996477
0.010653753026634382,-49.1754230866506,7.751821491405882,-196.5673093661937,62.77068264940013,56.86310981508969,296.5012869271081
0.010704727921498661,-49.41539599957482,7.344289869644216,-199.01310479524614,61.10656018523852,49.343800803091845,295.9030675033688
0.010755702816362941,-49.64311521229741,6.93493705988159,-201.40955028238218,59.427284923983635,41.8122558445913,295.23147201120827
0.01080667771122722,-49.858524256527346,6.523864570696615,-203.7560515730389,57.73327328111086,34.27034256185723,294.4866669883959
0.010857652606091499,-50.06156971656704,6.111174337102457,-206.05202679748209,56.024945326324804,26.719931148225353,293.6688371267117
0.01090862750095578,-50.25220124255805,5.696968695269786,-208.29690661509443,54.302724679393805,19.162893904341917,292.7781852261485
0.010959602395820058,-50.430371562966414,5.28135035715011,-210.49013435555628,52.567038405103354,11.601104773882641,291.81493214462193
0.011010577290684338,-50.59603649630484,4.864422385005903,-212.63116615688588,50.818316907355175,4.036438878863601,290.77931674320445
0.011061552185548617,-50.74915496208847,4.446288165853984,-214.71947110030197,49.056993822438976,-3.529227945337362,289.6715958268938
0.011112527080412896,-50.88968899102177,4.0270513858282255,-216.75453134187788,47.28350591150179,-11.094019615139379,288.492044080932
0.011163501975277176,-51.017603734413875,3.6068160044681923,-218.73584224095273,45.49829295224306,-18.656060263976446,287.2409540026911
0.011214476870141455,-51.132867472820166,3.1856862289399723,-220.66291248526906,43.70179762986162,-26.213474707461863,285.91863582914146
0.011265451765005733,-51.23545162390782,2.7637664881955337,-222.53526421280492,41.89446542728133,-33.76438890838478,284.52541745992136
0.011316426659870014,-51.32533074954351,2.341161407077115,-224.35243313027144,40.07674451468318,-41.30693044142182,283.0616443760263
0.011367401554734292,-51.40248256210131,1.917975780373153,-226.11396862824435,38.24908563837139,-48.83922895744666,281.5276795541396
0.011418376449598573,-51.466887929989525,1.494314546831852,-227.81943389290396,36.41194200899996,-56.359416647329034,279.92390337662295
0.011469351344462851,-51.51853088239471,1.070282763139272,-229.46840601435264,34.565769189188806,-63.865628705099674,278.25071353719267
0.01152032623932713,-51.55739861324211,0.6459855778679876,-231.06047609148564,32.71102498055612,-71.35600379037399,276.5085249423017
0.01157130113419141,-51.58348148437113,0.22152820540309467,-232.59524933338756,30.848169310195875,-78.82868448991414,274.69776960825374
0.01162227602905569,-51.59677302792542,-0.20298410014813353,-234.07234515722973,28.977664116628393,-86.28181777821742,272.8188965540754
0.01167325092391997,-51.59726994795671,-0.6274460710565216,-235.49139728264504,27.09997323525152,-93.71355547701849,270.8723716901708
0.011724225818784248,-51.58497212124207,-1.0517524520745034,-236.85205382255518,25.215562283322196,-101.12205471358678,268.85867770278855
0.011775200713648527,-51.559882597314505,-1.4757980265366768,-238.15397737042966,23.324898544495543,-108.50547837771097,266.7783139343284
0.011826175608512807,-51.52200759770678,-1.8994776424507414,-239.39684508395362,21.428450852950892,-115.86199557725342,264.6317962595173
0.011877150503377086,-51.4713565144086,-2.3226862385722917,-240.5803487650837,19.52668947713389,-123.18978209216095,262.4196569574869
0.011928125398241365,-51.40794190753765,-2.7453188704573046,-241.7041949364734,17.62008600314197,-130.4870208268245,260.1424445797819
0.011979100293105645,-51.33177950222503,-3.1672707364855355,-242.76810491424746,15.709113217783731,-137.75190226067005,257.8007238143342
0.012030075187969924,-51.24288818471587,-3.588437203848479,-243.77181487710794,13.794244991340634,-144.9826248968702,255.39507534543546
0.012081050082834204,-51.14128999768601,-4.008713834495594,-244.71507593175497,11.875956160059394,-152.17739570906926,252.92609570974233
0.012132024977698483,-51.027010134776,-4.427996411032059,-245.59765417460562,9.954722408405745,-159.33443058600412,250.3943971483521
0.012182999872562762,-50.90007693434377,-4.846180962562006,-246.41933074979582,8.031020151106933,-166.45195477391786,247.80060745498258
0.012233974767427042,-50.76052187243747,-5.263163790470473,-247.17990190345068,6.105326415013765,-173.52820331665046,245.14536982029608
0.01228494966229132,-50.60837955499026,-5.678841494137859,-247.87917903420987,4.178118720810914,-180.5614214933003,242.4293426724058
0.012335924557155601,-50.4436877092389,-6.093110996580649,-248.5169887399963,2.2498749646038725,-187.54986525335013,239.65319951360226
0.01238689945201988,-50.26648717436849,-6.505869570011586,-249.09317286101438,0.32107329941427687,-194.49180164914245,236.8176287533439
0.012437874346884158,-50.07682189138541,-6.917014861313564,-249.60758851897015,-1.6078079833899206,-201.38550926560663,233.92333353754896
0.012488849241748439,-49.87473889222105,-7.326444917420403,-250.06010815250093,-3.5362905726977036,-208.2292786471226,230.9710315742342
0.012539824136612717,-49.6602882880693,-7.734058210598474,-250.45061954880723,-5.463896256263264,-215.02141272142032,227.96145495554305
0.012590799031476998,-49.433523256960136,-8.139753663622944,-250.77902587147832,-7.3901470392902375,-221.76022722040932,224.89534997620532
0.012641773926341277,-49.19450003057301,-8.543430674842142,-251.0452456845056,-9.314565262961233,-228.44405109783105,221.77347694847708
0.012692748821205555,-48.94327788029284,-8.944989143124163,-251.24921297247596,-11.236673722884877,-235.0712269436348,218.59661001360254
0.012743723716069836,-48.67991910251231,-9.34432949267924,-251.39087715694222,-13.155995787429621,-241.640111394971,215.36553694984812
0.012794698610934114,-48.40448900318401,-9.741352697751845,-251.47020310896508,-15.072055515915363,-248.14907554370018,212.08105897715484
0.012845673505798393,-48.117055881626314,-10.135960307176543,-251.48717115782424,-16.984377776634716,-254.59650534032085,208.74399055845615
0.012896648400662673,-47.81769101358693,-10.52805446879117,-251.44177709589613,-18.892488364672438,-260.98080199420946,205.35515919771365
0.012947623295526952,-47.506468633568524,-10.917537953701546,-251.3340321796974,-20.795914119495674,-267.300382370077,201.91540523471815
0.012998598190391232,-47.18346591642039,-11.304314180391726,-251.16396312709347,-22.694183042285477,-273.5536793805465,198.42558163670722
0.013049573085255511,-46.84876295820126,-11.688287238673565,-250.93161211067326,-24.586824412979432,-279.7391423747467,194.88655378685294
0.01310054798011979,-46.50244275631761,-12.069361913469924,-250.6370367472917,-26.47336890699817,-285.85523752283365,191.29919926966912
0.01315152287498407,-46.14459118894245,-12.447443708425485,-250.28031008378187,-28.35334871162505,-291.9004481963392,187.6644076533941
0.013202497769848349,-45.77529699371988,-12.822438869339278,-249.8615205788418,-30.226297642011282,-297.87327534425384,183.98308026940168
0.01325347266471263,-45.39465174576047,-13.194254407413284,-249.38077208109866,-32.091751256777506,-303.77223786475236,180.2561299886946
0.013304447559576908,-45.00274983493322,-13.56279812231107,-248.83818380335754,-33.949246973182376,-309.5958729724661,176.48448099553778
0.013355422454441187,-44.59968844245918,-13.927978625021156,-248.23389029303937,-35.798324181831404,-315.34273656121644,172.66906855828395
0.013406397349305467,-44.18556751681325,-14.289705360518953,-247.56804139881697,-37.63852436089538,-321.0114035621136,168.81083879745302
0.013457372244169746,-43.76048974893956,-14.647888630222024,-246.8408022334566,-39.46939118981171,-326.60046829693596,164.910748451119
0.013508347139034024,-43.324560546786884,-15.002439614232937,-246.05235313287437,-41.29047066243964,-332.1085448267007,160.96976463766467
0.013559322033898305,-42.87788800917026,-15.353270393364237,-245.2028896114177,-43.101311199641714,-337.5342672953396,156.988864615962
0.013610296928762583,-42.42058289896538,-15.70029397094005,-244.29262231338313,-44.90146376126345,-342.8762902683952,152.96903554303782
0.013661271823626864,-41.95275861564231,-16.043424294368958,-243.3217769607818,-46.69048195748328,-348.13328906665294,148.91127422928525
0.013712246718491142,-41.47453116714557,-16.382576276482673,-242.2905942973669,-48.46792215950495,-353.30396009462464,144.81658689128201
0.013763221613355421,-40.986019141127095,-16.717665816635513,-241.1993300289353,-50.23334360956637,-358.38702116380784,140.68598890227432
0.013814196508219702,-40.487343675539755,-17.04860982155901,-240.0482547599194,-51.98630853023516,-363.38121181063246,136.52050454039227
0.01386517140308398,-39.97862842859836,-17.37532622596688,-238.8376539262843,-53.726382232966046,-368.2852936090232,132.32116673465583
0.01391614629794826,-39.45999954811566,-17.697734012905016,-237.56782772474773,-55.45313322589204,-373.0980504774958,128.089016808836
0.01396712119281254,-38.93158564022128,-18.01575323384146,-236.23909103833907,-57.166133320822496,-377.81828898071177,123.82510422323531
0.014018096087676818,-38.39351773747042,-18.329305028491675,-234.85177335831628,-58.864957739423225,-382.44483862542137,119.53048631444724
0.014069070982541098,-37.84592926635162,-18.63831164437363,-233.40621870246144,-60.549185218549425,-386.9765521507117,115.20622803316726
0.014120045877405377,-37.28895601420055,-18.942696456088377,-231.90278552977367,-62.21839811470779,-391.412305812498,110.85340168011308
0.014171020772269657,-36.72273609552809,-19.242383984321155,-230.34184665158008,-63.872182507621346,-395.7509996621824,106.47308664012155
0.014221995667133936,-36.147409917771895,-19.537299914558243,-228.7237891390892,-65.51012830287034,-399.99155781941204,102.06636911449093
0.014272970561998215,-35.56312014647896,-19.827371115514914,-227.04901422740735,-67.13182933358483,-404.13292873886763,97.63434185163169
0.014323945456862495,-34.97001166992837,-20.112525657270133,-225.31793721604294,-68.73688346116323,-408.1740854710203,93.17810387609386
0.014374920351726774,-34.36823156320298,-20.392692829103133,-223.53098736592372,-70.3248926749917,-412.1140259167854,88.69876021603916
0.014425895246591052,-33.75792905171862,-20.66780315702793,-221.68860779295107,-71.89546319114058,-415.9517730760185,84.19742162922239
0.014476870141455333,-33.13925547422005,-20.93778842102097,-219.7912553581189,-73.4482055500123,-419.6863752897851,79.67520432755272
0.014527845036319612,-32.51236424525334,-21.202581671937775,-217.83940055422516,-74.98273471291637,-423.3169064763447,75.13322970030522
0.014578819931183892,-31.877410817122826,-21.4621172481147,-215.83352738920132,-76.49867015754934,-426.8424663607966,70.57262403604378
0.01462979482604817,-31.234552641343203,-21.716330791651174,-213.77413326609167,-77.99563597235395,-430.26218069832316,65.99451824333275
0.01468076972091245,-30.583949129595787,-21.965159264368783,-211.66172885971068,-79.47326094973519,-433.57520149097934,61.40004757030161
0.01473174461577673,-29.925761614198557,-22.208540963443053,-209.49683799000903,-80.93117867810992,-436.78070719797347,56.79035132313339
0.014782719510641008,-29.26015330810025,-22.44641553670405,-207.27999749218063,-82.36902763276687,-439.87790293938696,52.16657258354821
0.014833694405505289,-28.58728926440765,-22.67872399760221,-205.01175708354137,-83.78645126551565,-442.86602069328455,47.52985792534789
0.014884669300369567,-27.90733633545698,-22.90540873983535,-202.69267922721411,-85.18309809310084,-445.7443194861622,42.88135713009733
0.014935644195233846,-27.220463131438933,-23.12641355163354,-200.3233389926529,-86.5586217843605,-448.5120855766893,38.22222290200906
0.014986619090098127,-26.52683997858784,-23.34168362969808,-197.90432391304086,-87.91268124610717,-451.16863263269704,33.5536105821033
0.015037593984962405,-25.826638876945303,-23.551165592791282,-195.4362338395978,-89.24494070770976,-453.71330190137104,28.876677861714303
0.015088568879826684,-25.12003345770879,-23.754807494973605,-192.91968079283316,-90.55506980435577,-456.1454623726039,24.192584495413666
0.015139543774690964,-24.407198940175654,-23.95255883848485,-190.35528881078088,-91.84274365897308,-458.46451093546943,19.50249201342194
0.015190518669555243,-23.688312088293635,-24.144370586266223,-187.74369379425548,-93.10764296279035,-460.66987252777756,14.807563433581157
0.015241493564419523,-22.963551166827816,-24.330195174120288,-185.08554334916445,-94.34945405451771,-462.76100027867466,10.108962972955828
0.015292468459283802,-22.23309589715592,-24.509986522505557,-182.38149662592005,-95.56786899812596,-464.7373756442532,5.4078557591392284
0.01534344335414808,-21.497127412702135,-24.68370004796303,-179.63222415598742,-96.76258565920662,-466.59850853613614,0.7054075413325628
0.015394418249012361,-20.755828214020873,-24.851292674171663,-176.8384076856105,-97.9333077798932,-468.3439374430066,-3.9972155987297406
0.01544539314387664,-20.0093821235415,-25.0127228426302,-174.0007400067574,-99.07974505232522,-469.97322954504955,-8.6988475359372
0.01549636803874092,-19.257974239985206,-25.167950522962524,-171.11992478532608,-100.20161319063695,-471.4859808212803,-13.398322390971467
0.015547342933605199,-18.501790892465674,-25.31693722284413,-168.19667638665473,-101.2986340014524,-472.88181614973024,-18.094474819412245
0.015598317828469477,-17.74101959428414,-25.459645997547213,-165.23171969837728,-102.37053545287026,-474.16038940046764,-22.78614030071321
0.015649292723333756,-16.975848996431278,-25.596041459101986,-162.2257899506712,-103.41705174192032,-475.3213835214285,-27.472155426971
0.01570026761819804,-16.206468840806703,-25.72608978507192,-159.17963253393958,-104.43792336047558,-476.3645106170367,-32.15135819141984
0.015751242513062317,-15.4330699131682,-25.84975872694081,-156.0940028139751,-105.4328971596032,-477.2895120195948,-36.82258827657722
0.015802217407926596,-14.655843995821714,-25.96701761810957,-152.9696659446483,-106.40172641233902,-478.0961583534267,-41.484687341973206
0.015853192302790874,-13.874983820064632,-26.077837381500707,-149.80739667817073,-107.34417087486881,-478.78424959175624,-46.136499311386714
0.015904167197655153,-13.090683018393365,-26.182190536768708,-146.60797917297617,-108.25999684610291,-479.3536151063093,-50.776870659522885
0.015955142092519435,-12.303136076487885,-26.280051207114358,-143.37220679927103,-109.14897722562728,-479.8041137096243,-55.40465069805524
0.016006116987383714,-11.51253828498443,-26.371395125701547,-140.10088194229996,-110.01089157001859,-480.1356336900633,-60.01869186096576
0.016057091882247992,-10.719085691048452,-26.456199641674786,-136.79481580337466,-110.84552614750844,-480.34809283951336,-64.6178499891119
0.01610806677711227,-9.92297504976029,-26.534443725776022,-133.45482819871822,-111.65267399098296,-480.4414384737723,-69.20098461394649
0.01615904167197655,-9.124403775325147,-26.606107975559322,-130.08174735617246,-112.4321349493052,-480.4156474456123,-73.76695924032386
0.01621001656684083,-8.323569892119602,-26.671174620202166,-126.6764097098197,-113.18371573694724,-480.27072615052066,-78.3146416283202
0.01626099146170511,-7.520671985586827,-26.729627524912143,-123.23965969256889,-113.90722998191995,-480.00671052511314,-82.84290407399928
0.01631196635656939,-6.715909152992857,-26.781452194927926,-119.77234952675984,-114.60249827198807,-479.623666038223,-87.35062368905169
0.016362941251433668,-5.909480954055518,-26.82663577911363,-116.27533901283343,-115.26934819915985,-479.1216876746665,-91.836682679243
0.016413916146297947,-5.101587361459107,-26.86516707314551,-112.74949531612488,-115.90761440243955,-478.500899911689,-96.2999686215957
0.016464891041162225,-4.2924287112664725,-26.897036522290353,-109.19569275182985,-116.51713860883262,-477.76145668809806,-100.73937474024072
0.016515865936026507,-3.4822056532409555,-26.92223622377479,-105.61481256819708,-117.0977696725931,-476.90354136609074,-105.15380018086863
0.016566840830890786,-2.671119101090784,-26.940759928744978,-102.00774272800336,-117.64936361270368,-475.9273666857846,-109.54215028371112
0.016617815725755065,-1.8593701826475684,-26.952603043816147,-98.37537768836124,-118.17178364857935,-474.83317471246386,-113.90333685498888
0.016668790620619343,-1.0471601899921377,-26.95776263221164,-94.71861817891815,-118.66490023398521,-473.62123677655376,-118.2362784367537
0.016719765515483622,-0.23469052953941671,-26.956237414491152,-91.03837097849942,-119.12859108916042,-472.2918534063373,-122.53990057506145
0.016770740410347904,0.5778373279050105,-26.948027768868,-87.3355486902511,-119.56274123114054,-470.84535425343336,-126.81313608640812
0.016821715305212183,1.3902218971041422,-26.933135731115332,-83.61106951533948,-119.9672430022699,-469.28209801105066,-131.05492532236212
0.01687269020007646,2.2022617283527066,-26.911564994061298,-79.86585702526075,-120.34199609689816,-467.60247232504236,-135.26421643232982
0.01692366509494074,3.013755457431362,-26.883320906673365,-76.10083993281978,-120.68690758625327,-465.8068936977794,-139.4399656243865
0.01697463998980502,3.8245018555393866,-26.84841047273188,-72.3169518618353,-121.00189194148534,-463.89580738486995,-143.58113742410782
0.0170256148846693,4.6342998791943035,-26.806842349093323,-68.5151311156249,-121.28687105487555,-461.86968728474693,-147.68670493134084
0.01707658977953358,5.442948720085077,-26.758626843543656,-64.69632044433196,-121.54177425920467,-459.72903582115464,-151.755650074847
0.01712756467439786,6.250247854867465,-26.703775912242254,-60.86146681114759,-121.76653834527686,-457.47438381856085,-155.78696386475772
0.017178539569262137,7.0559970948883075,-26.642303156757098,-57.011521157489646,-121.96110757759364,-455.1062903705259,-159.77964664277616
0.017229514464126416,7.859996635827011,-26.574223820691945,-53.14743816719458,-122.12543370817495,-452.62534270106335,-163.7327083300662
0.017280489358990698,8.662047107241717,-26.49955478590632,-49.27017602978104,-122.25947598852333,-450.03215601902315,-167.6451686727655
0.017331464253854977,9.46194962200769,-26.4183145683293,-45.38069620284536,-122.3632011797284,-447.3273733655375,-171.51605748506165
0.017382439148719255,10.259505825636309,-26.330523313367994,-41.479963173644165,-122.43658356070932,-444.51166545456226,-175.34441488977382
0.017433414043583534,11.05451794546147,-26.236202790912063,-37.568944219928504,-122.4796049345928,-441.58573050655895,-179.1292915563754
0.017484388938447813,11.84678883968199,-26.135376389935374,-33.64860917008435,-122.49225463322567,-438.5502940753541,-182.86974893640317
0.017535363833312095,12.63612204624759,-26.028069112696112,-29.719930162640644,-122.47452951982002,-435.4061088682215,-186.5648594961926
0.017586338728176373,13.422321831576022,-25.91430756853695,-25.783881405206127,-122.42643398973117,-432.15395455923124,-190.21370694688028
0.017637313623040652,14.205193239090077,-25.794119967286598,-21.84143893289019,-122.34797996936786,-428.79463759591033,-193.8153864716206
0.01768828851790493,14.984542137561416,-25.66753611226451,-17.893580366273227,-122.23918691323458,-425.328990999266,-197.3690049499554
0.01773926341276921,15.760175269249945,-25.5345873928905,-13.94128466898282,-122.10008179910749,-421.75787415721896,-200.8736811792838
0.017790238307633488,16.53190029782677,-25.395306776900966,-9.985531904935891,-121.93069912134474,-418.08217261149673,-204.32854609337804
0.01784121320249777,17.299525856068232,-25.249728802173767,-6.027302995310202,-121.7310808823326,-414.30279783804446,-207.73274297788748
0.01789218809736205,18.062861593309886,-25.09788956816382,-2.0675794753019487,-121.50127658207016,-410.420687021003,-211.08542768278102
0.017943162992226327,18.82171822264862,-24.939826726951267,1.8926567492697304,-121.24134320589454,-406.4368028203112,-214.38576883167474
0.017994137887090606,19.575907567880556,-24.775579473904912,5.852423645448487,-120.95134521035013,-402.35213313299266,-217.63294802799038
0.018045112781954885,20.32524261016381,-24.605188537962693,9.810739296658872,-120.63135450720495,-398.1676908481839,-220.82616005789592
0.018096087676819167,21.069537534394165,-24.428696171532057,13.766622146195711,-120.28145044561859,-393.88451359596365,-223.96461308997738
0.018147062571683446,21.808607775282166,-24.246146140012495,17.71909124062312,-119.90171979246573,-389.5036634900503,-227.04752887159125
0.018198037466547724,22.542270063120558,-24.057583710942847,21.667166473025993,-119.49225671082019,-385.02622686442396,-230.07414292185126
0.018249012361412003,23.2703424692302,-23.863055642776196,25.60986882604976,-119.05316273660502,-380.4533140039456,-233.04370472119876
0.01829998725627628,23.992644451073488,-23.66261017328499,29.546220614670435,-118.5845467534143,-375.78605886903614,-235.9554778975116
0.018350962151140564,24.708996897024196,-23.45629700759937,33.475245728634995,-118.08652496551294,-371.0256188144837,-238.80874040870492
0.018401937046004842,25.419222170782188,-23.244167305881682,37.39596987450963,-117.55922086902116,-366.1731743024521,-241.6027847217778
0.01845291194086912,26.12314415542272,-23.026273670640016,41.307420817279805,-117.00276522129062,-361.2299286097557,-244.33691798826342
0.0185038868357334,26.820588297068586,-22.802670133684256,45.20862862143781,-116.41729600848018,-356.19710752948026,-247.01046221603647
0.01855486173059768,27.511381648174876,-22.573412142727623,49.098625891501214,-115.80295841133902,-351.07595906701823,-249.62275443743718
0.01860583662546196,28.195352910415377,-22.338556547637094,52.97644801190109,-115.15990476920555,-345.86775313059707,-252.1731468736697
0.01865681152032624,28.872332477159844,-22.098161586336214,56.84113338618039,-114.48829454223164,-340.5737812163763,-254.66100709543366
0.018707786415190518,29.542152475532145,-21.85228687036357,60.69172367544529,-113.78829427184034,-335.1953560881897,-257.0857181797503
0.018758761310054797,30.20464680803807,-21.60099337009077,64.52726403600667,-113.06007753942836,-329.7338114520162,-259.4466788629424
0.018809736204919075,30.85965119375327,-21.344343399603353,68.346803356157,-112.30382492332228,-324.1905016252547,-261.7433036897324
0.018860711099783357,31.507003209060333,-21.082400601248644,72.14939449201955,-111.51972395400013,-318.56680120089123,-263.9750231584186
0.018911685994647636,32.14654232792556,-20.81522992985413,75.93409450241477,-110.70796906758885,-312.8641047066364,-266.14128386209694
0.018962660889511915,32.778109961705276,-20.542897636620335,79.69996488268582,-109.86876155764917,-307.0838262591183,-268.2415486258916
0.019013635784376193,33.401549498471475,-20.265471252692336,83.44607179742151,-109.0023095252602,-301.22739921322056,-270.2752966401592
0.019064610679240472,34.01670634184738,-19.98301957241384,87.1714863120231,-108.10882782741596,-295.29627580664805,-272.2420235896364
0.019115585574104754,34.62342794934332,-19.69561263626799,90.87528462305534,-107.1885380237466,-289.29192679981037,-274.14124177849624
0.019166560468969033,35.221563870183054,-19.403321713509285,94.55654828732429,-106.24166832157754,-283.2158411111141,-275.9724802512837
0.01921753536383331,35.8109657826117,-19.106219284490564,98.21436444962802,-105.26845351934,-277.0695254477485,-277.7352849097003
0.01926851025869759,36.3914875306755,-18.80437902268992,101.84782606911945,-104.26913494834737,-270.8545039320637,-279.42921862520825
0.01931948515356187,36.96298516046458,-18.497875776441596,105.45603214422854,-103.24396041295144,-264.57231772362866,-281.0538613474266
0.019370460048426148,37.52531695580972,-18.186785550375625,109.03808793608663,-102.19318412909358,-258.2245246370648,-282.60881020829277
0.01942143494329043,38.07834347342422,-17.871185486570656,112.59310519039809,-101.11706666126582,-251.81269875574898,-284.09367962196285
0.01947240983815471,38.62192757748196,-17.55115384542487,116.12020235770277,-100.01587485789815,-245.3384300414844,-285.5081013804265
0.019523384733018987,39.155934473623624,-17.226769986249383,119.61850481197804,-98.88988178518677,-238.80332394023037,-286.85172474481317
0.019574359627883266,39.680231742382,-16.898114347589306,123.0871450675219,-97.73936665938126,-232.2090009839958,-288.12421653236555
0.019625334522747544,40.19468937201842,-16.565268427277154,126.5252629940662,-96.56461477754635,-225.55709638899054,-289.32526119906015
0.019676309417611827,40.699179790762486,-16.22831476222342,129.93200603006738,-95.36591744681554,-218.84925965013323,-290.45456091785405
0.019727284312476105,41.1935778984459,-15.88733690794995,133.30652939411596,-94.14357191215562,-212.08715413202606,-291.51183565253734
0.019778259207340384,41.67776109752468,-15.542419417869956,136.64799629442354,-92.89788128265654,-205.27245665647737,-292.49682322717564
0.019829234102204663,42.151609323479526,-15.193647822321378,139.95557813632226,-91.62915445636945,-198.40685708669997,-293.40927939112197
0.01988020899706894,42.61500507458888,-14.841108607357478,143.228454727735,-90.33770604370783,-191.4920579082681,-294.24897787958463
0.019931183891933223,43.06783344106616,-14.484889193300631,146.46581448256146,-89.02385628943244,-184.52977380694617,-295.015710469735
0.019982158786797502,43.50998213355428,-14.125077913064489,149.66685462192876,-87.68793099323955,-177.52173124349432,-295.7092870323409
0.02003313368166178,43.94134151097048,-13.76176399024965,152.83078137326063,-86.33026142897076,-170.46966802554948,-296.32953557891386
0.02008410857652606,44.36180460769439,-13.395037517018674,155.95681016711094,-84.95118426246627,-163.37533287669726,-296.87630230435764
0.020135083471390338,44.771267160092584,-13.024989431755598,159.04416583171616,-83.55104146808065,-156.24048500283465,-297.34945162510763
0.02018605836625462,45.169627632373285,-12.651711496515638,162.0920827852175,-82.1301802438823,-149.06689365593343,-297.74886621275215
0.0202370332611189,45.55678724176438,-12.275296274270714,165.09980522550416,-80.68895292555776,-141.85633769531464,-298.0744470231267
0.020288008155983177,45.93264998300906,-11.895837105956181,168.06658731763298,-79.22771689904152,-134.61060514653627,-298.326113320874
0.020338983050847456,46.29712265217251,-11.51342808732486,170.99169337877507,-77.74683451189412,-127.33149275801243,-298.5038026994648
